{"_id":{"$oid":"61c59b444eec1110ccada22c"},"user":{"$oid":"61c58a5a4ee84c24bcefcd5f"},"post":{"$oid":"616e560c84de0f0016ea5b84"},"cmt":"OK","rating":5,"createdAt":{"$date":"2021-12-24T10:04:52.35Z"},"__v":0}
{"_id":{"$oid":"61c59d144eec1110ccadf501"},"user":{"$oid":"61c59c964eec1110ccaddff6"},"post":{"$oid":"616e517384de0f0016ea5afe"},"cmt":"OK","rating":4.5,"createdAt":{"$date":"2021-12-24T10:12:36.575Z"},"__v":0}
{"_id":{"$oid":"61c59d274eec1110ccadf50f"},"user":{"$oid":"61c59c964eec1110ccaddff6"},"post":{"$oid":"616e560c84de0f0016ea5b84"},"cmt":"!","rating":4.5,"createdAt":{"$date":"2021-12-24T10:12:55.185Z"},"__v":0}
{"_id":{"$oid":"61c59d7d4eec1110ccadf96d"},"user":{"$oid":"61c59c704eec1110ccadd771"},"post":{"$oid":"616e472c84de0f0016ea5981"},"cmt":".","rating":4,"createdAt":{"$date":"2021-12-24T10:14:21.464Z"},"__v":0}
{"_id":{"$oid":"61c59d904eec1110ccadfb65"},"user":{"$oid":"61c59c704eec1110ccadd771"},"post":{"$oid":"616e425b84de0f0016ea58e9"},"cmt":".","rating":2.5,"createdAt":{"$date":"2021-12-24T10:14:40.739Z"},"__v":0}
{"_id":{"$oid":"61c9a755030da30b1ce46a10"},"user":{"$oid":"613df3b924d8081d08abc4f5"},"post":{"$oid":"616e517384de0f0016ea5afe"},"cmt":"ok","rating":5,"createdAt":{"$date":"2021-12-27T11:45:25.986Z"},"__v":0}
{"_id":{"$oid":"61c9a772030da30b1ce46a23"},"user":{"$oid":"613df3b924d8081d08abc4f5"},"post":{"$oid":"616e425b84de0f0016ea58e9"},"cmt":"!","rating":5,"createdAt":{"$date":"2021-12-27T11:45:54.65Z"},"__v":0}
{"_id":{"$oid":"61c9edc9030da30b1ce46bfb"},"user":{"$oid":"613df3b924d8081d08abc4f5"},"post":{"$oid":"61c0a010303a4b3aac20d0ed"},"cmt":".","rating":3,"createdAt":{"$date":"2021-12-27T16:46:01.596Z"},"__v":0}
{"_id":{"$oid":"61c9ee25030da30b1ce46c1c"},"user":{"$oid":"613df3b924d8081d08abc4f5"},"post":{"$oid":"616e3f6984de0f0016ea5869"},"cmt":"1","rating":4,"createdAt":{"$date":"2021-12-27T16:47:33.129Z"},"__v":0}
{"_id":{"$oid":"61c9ee54030da30b1ce46c2c"},"user":{"$oid":"613df3b924d8081d08abc4f5"},"post":{"$oid":"616e463284de0f0016ea5977"},"cmt":"!","rating":3,"createdAt":{"$date":"2021-12-27T16:48:20.326Z"},"__v":0}
{"_id":{"$oid":"61c9f148030da30b1ce46cd1"},"user":{"$oid":"613df3b924d8081d08abc4f5"},"post":{"$oid":"616d892741d8422f205b4ef2"},"cmt":"Q","rating":4,"createdAt":{"$date":"2021-12-27T17:00:56.517Z"},"__v":0}
{"_id":{"$oid":"61c9f19c030da30b1ce46ce4"},"user":{"$oid":"613df3b924d8081d08abc4f5"},"post":{"$oid":"616e2e8c84de0f0016ea5570"},"cmt":"!","rating":3,"createdAt":{"$date":"2021-12-27T17:02:20.726Z"},"__v":0}
{"_id":{"$oid":"61caf92394020b125095ece8"},"user":{"$oid":"613df3b924d8081d08abc4f5"},"post":{"$oid":"616e514784de0f0016ea5af9"},"cmt":"Hay","rating":3,"createdAt":{"$date":"2021-12-28T11:46:43.458Z"},"__v":0}
{"_id":{"$oid":"61cbf8f8da37f30f1c5321ae"},"user":{"$oid":"613df3b924d8081d08abc4f5"},"post":{"$oid":"616e399e84de0f0016ea5775"},"cmt":"Khóa học hay","rating":3,"createdAt":{"$date":"2021-12-29T05:58:16.555Z"},"__v":0}
{"_id":{"$oid":"61cbfacfda37f30f1c5321de"},"user":{"$oid":"613df3b924d8081d08abc4f5"},"post":{"$oid":"616e46e684de0f0016ea597c"},"cmt":"okla","rating":4,"createdAt":{"$date":"2021-12-29T06:06:07.804Z"},"__v":0}
{"_id":{"$oid":"61cc0b49da37f30f1c53223f"},"user":{"$oid":"613df3b924d8081d08abc4f5"},"post":{"$oid":"616e361884de0f0016ea56e0"},"cmt":"Khóa học châtz lượng","rating":5,"createdAt":{"$date":"2021-12-29T07:16:25.872Z"},"__v":0}
{"_id":{"$oid":"61af1e6e8498cb3490c010d6"},"user":{"$oid":"613df3b924d8081d08abc4f5"},"post":{"$oid":"616e560c84de0f0016ea5b84"},"cmt":"Tuyệt vời","rating":5,"createdAt":{"$date":"2021-12-07T08:42:22.76Z"},"__v":0}
{"_id":{"$oid":"61b05f9ee5592133b857fffd"},"user":{"$oid":"613df3b924d8081d08abc4f5"},"post":{"$oid":"616e3f6984de0f0016ea5869"},"cmt":"OK la","rating":5,"createdAt":{"$date":"2021-12-08T07:32:46.046Z"},"__v":0}
{"_id":{"$oid":"61af22ce8498cb3490c011ad"},"user":{"$oid":"613df3b924d8081d08abc4f5"},"post":{"$oid":"616e560c84de0f0016ea5b84"},"cmt":"test","rating":2.5,"createdAt":{"$date":"2021-12-07T09:01:02.89Z"},"__v":0}
{"_id":{"$oid":"61af768e35c80f33f8935cbb"},"user":{"$oid":"613df3b924d8081d08abc4f5"},"post":{"$oid":"616e560c84de0f0016ea5b84"},"cmt":"cmt","rating":4.5,"createdAt":{"$date":"2021-12-07T14:58:22.331Z"},"__v":0}
{"_id":{"$oid":"61b0a7b4634a71416c54fe29"},"user":{"$oid":"613df3b924d8081d08abc4f5"},"post":{"$oid":"616e560c84de0f0016ea5b84"},"cmt":"Testing","rating":2.5,"createdAt":{"$date":"2021-12-08T12:40:20.165Z"},"__v":0}
{"_id":{"$oid":"61b0b8d722e9bb1d94eb228c"},"user":{"$oid":"613df3b924d8081d08abc4f5"},"post":{"$oid":"616e517384de0f0016ea5afe"},"cmt":"Xịn","rating":5,"createdAt":{"$date":"2021-12-08T13:53:27.326Z"},"__v":0}
