{"_id":{"$oid":"61a87b3c8421680af8eb674d"},"name":"Nguyễn Hoàng Tú","email":"nguyenhoangtu12@gmail.com","subject":"Báo Lỗi","message":"Lỗi nhập liệu","status":"Done","createdAt":{"$date":"2021-12-02T07:52:28.567Z"},"__v":0}
{"_id":{"$oid":"6219202978953f40d09a7b08"},"name":"Đoàn Minh Quang","email":"doanquang2309@gmail.com","subject":"Báo Lỗi","message":"123","status":"Processing","createdAt":{"$date":"2022-02-25T18:30:01.67Z"},"__v":0}
{"_id":{"$oid":"62b7434402c7a13c904676fe"},"name":"Đoàn Minh Quang","email":"doanquang2309@gmail.com","subject":"hí lô","message":"alo 1234","status":"Wait","createdAt":{"$date":"2022-06-25T17:17:56.597Z"},"__v":0}
