{"_id":{"$oid":"61c59b304eec1110ccada226"},"user":{"$oid":"61c58a5a4ee84c24bcefcd5f"},"post":{"$oid":"616e560c84de0f0016ea5b84"},"index":1,"createdAt":{"$date":"2021-12-24T10:04:32.423Z"},"__v":0,"price":0}
{"_id":{"$oid":"61c59d0a4eec1110ccadf4fe"},"user":{"$oid":"61c59c964eec1110ccaddff6"},"post":{"$oid":"616e517384de0f0016ea5afe"},"index":0,"createdAt":{"$date":"2021-12-24T10:12:26.658Z"},"__v":0,"price":0}
{"_id":{"$oid":"61c59d1d4eec1110ccadf50c"},"user":{"$oid":"61c59c964eec1110ccaddff6"},"post":{"$oid":"616e560c84de0f0016ea5b84"},"index":0,"createdAt":{"$date":"2021-12-24T10:12:45.734Z"},"__v":0,"price":0}
{"_id":{"$oid":"61c59d754eec1110ccadf88e"},"user":{"$oid":"61c59c704eec1110ccadd771"},"post":{"$oid":"616e472c84de0f0016ea5981"},"index":0,"createdAt":{"$date":"2021-12-24T10:14:13.417Z"},"__v":0,"price":0}
{"_id":{"$oid":"61c59d894eec1110ccadfa8c"},"user":{"$oid":"61c59c704eec1110ccadd771"},"post":{"$oid":"616e425b84de0f0016ea58e9"},"index":0,"createdAt":{"$date":"2021-12-24T10:14:33.099Z"},"__v":0,"price":0}
{"_id":{"$oid":"61c59d9b4eec1110ccadfc74"},"user":{"$oid":"61c59c704eec1110ccadd771"},"post":{"$oid":"616e560c84de0f0016ea5b84"},"index":0,"createdAt":{"$date":"2021-12-24T10:14:51.919Z"},"__v":0,"price":0}
{"_id":{"$oid":"61c9f190030da30b1ce46ce1"},"user":{"$oid":"613df3b924d8081d08abc4f5"},"post":{"$oid":"616e2e8c84de0f0016ea5570"},"index":1,"createdAt":{"$date":"2021-12-27T17:02:08.401Z"},"__v":0,"price":0}
{"_id":{"$oid":"61cabd5e81455304302aa3b6"},"user":{"$oid":"613df3b924d8081d08abc4f5"},"post":{"$oid":"616e514784de0f0016ea5af9"},"index":11,"createdAt":{"$date":"2021-12-28T07:31:42.907Z"},"__v":0,"price":0}
{"_id":{"$oid":"61cafd6394020b125095ed8e"},"user":{"$oid":"613df3b924d8081d08abc4f5"},"post":{"$oid":"616e46e684de0f0016ea597c"},"index":2,"createdAt":{"$date":"2021-12-28T12:04:51.218Z"},"__v":0,"price":0}
{"_id":{"$oid":"62191e8178953f40d09a7ab4"},"user":{"$oid":"613df3b924d8081d08abc4f5"},"post":{"$oid":"616e361884de0f0016ea56e0"},"index":0,"price":0,"createdAt":{"$date":"2022-02-25T18:22:57.31Z"},"__v":0}
{"_id":{"$oid":"62191e8f78953f40d09a7ac1"},"user":{"$oid":"613df3b924d8081d08abc4f5"},"post":{"$oid":"616e3f6984de0f0016ea5869"},"index":4,"price":0,"createdAt":{"$date":"2022-02-25T18:23:11.791Z"},"__v":0}
{"_id":{"$oid":"62191ef778953f40d09a7af0"},"user":{"$oid":"613df3b924d8081d08abc4f5"},"post":{"$oid":"616e399e84de0f0016ea5775"},"index":4,"price":0,"createdAt":{"$date":"2022-02-25T18:24:55.364Z"},"__v":0}
{"_id":{"$oid":"62b743b602c7a13c9046773c"},"user":{"$oid":"613df3b924d8081d08abc4f5"},"post":{"$oid":"616e560c84de0f0016ea5b84"},"index":4,"price":0,"createdAt":{"$date":"2022-06-25T17:19:50.455Z"},"__v":0}
{"_id":{"$oid":"62b743e702c7a13c90467759"},"user":{"$oid":"613df3b924d8081d08abc4f5"},"post":{"$oid":"616e472c84de0f0016ea5981"},"index":0,"price":0,"createdAt":{"$date":"2022-06-25T17:20:39.25Z"},"__v":0}
{"_id":{"$oid":"62b7453702c7a13c904677ac"},"user":{"$oid":"613df3b924d8081d08abc4f5"},"post":{"$oid":"61c0a010303a4b3aac20d0ed"},"index":0,"price":0,"createdAt":{"$date":"2022-06-25T17:26:15.05Z"},"__v":0}
{"_id":{"$oid":"62b745bf02c7a13c90467802"},"user":{"$oid":"613df3b924d8081d08abc4f5"},"post":{"$oid":"616e425b84de0f0016ea58e9"},"index":0,"price":0,"createdAt":{"$date":"2022-06-25T17:28:31.452Z"},"__v":0}
{"_id":{"$oid":"62b8016accb70c02686dfd24"},"user":{"$oid":"613df3b924d8081d08abc4f5"},"post":{"$oid":"6149b8d66ce24141cc6ab2f9"},"index":1,"price":255000,"createdAt":{"$date":"2022-06-26T06:49:14.355Z"},"__v":0}
